student_id,student_name,age,major,city
1001,Ahmed Ali,21,Computer Science,Sanaa
1002,Sara Mohammed,22,Artificial Intelligence,Aden
1003,Omar Hassan,20,Information Systems,Taiz
1004,Lina Saleh,19,Computer Science, SANAA
1004,Lina Saleh,19,Computer Science, SANAA
1005,Mohammed Ali,85,Software Engineering,HODEIDAH
1006,Nora Ahmed,23,Data Science,aden
1007,Yousef Omar,,Cyber Security, Taiz
1008,Huda Saleh,21,AI,SANAA
1009,Khaled Said,17,Information Systems, sanaa
1010,Maha Ali,15,Computer Science, IBB
